dataset,sensor,eta2_pooled_raw_or_global,eta2_pooled_ocz,eta2_window_raw_or_global,eta2_window_ocz,abs_rho_rul_raw_or_global,abs_rho_rul_ocz
FD002,s2,0.9999,0.0000,0.9999,0.1356,0.1027,0.5915
FD002,s3,0.9971,0.0000,0.9987,0.1292,0.1162,0.5778
FD002,s4,0.9957,0.0000,0.9989,0.1326,0.1659,0.6849
FD002,s7,1.0000,0.0000,1.0000,0.1546,0.0778,0.4768
FD002,s8,1.0000,0.0000,1.0000,0.6403,0.0566,0.3848
FD002,s9,0.9973,0.0000,0.9998,0.1349,0.0669,0.2925
FD002,s11,0.9945,0.0000,0.9989,0.1299,0.1703,0.7150
FD002,s12,1.0000,0.0000,1.0000,0.1607,0.0813,0.4994
FD002,s13,1.0000,0.0000,0.9999,0.6419,0.2504,0.3849
FD002,s14,0.9662,0.0000,0.9976,0.1401,0.0781,0.1641
FD002,s15,0.9973,0.0000,0.9993,0.1464,0.1620,0.6739
FD002,s17,0.9973,0.0000,0.9989,0.1283,0.1194,0.6030
FD002,s20,0.9998,0.0000,0.9999,0.1479,0.0742,0.4544
FD002,s21,0.9998,0.0000,0.9999,0.1455,0.0733,0.4482
FD004,s2,0.9998,0.0000,0.9999,0.1467,0.0958,0.5430
FD004,s3,0.9963,0.0000,0.9987,0.1337,0.1343,0.6097
FD004,s4,0.9944,0.0000,0.9988,0.1429,0.1691,0.6715
FD004,s7,0.9998,0.0000,1.0000,0.1843,0.0204,0.1081
FD004,s8,1.0000,0.0000,1.0000,0.6074,0.0889,0.5300
FD004,s9,0.9972,0.0000,0.9998,0.1547,0.1196,0.5231
FD004,s11,0.9925,0.0000,0.9989,0.1430,0.1764,0.7084
FD004,s12,0.9998,0.0000,1.0000,0.2066,0.0216,0.1148
FD004,s13,1.0000,0.0000,0.9998,0.6147,0.3978,0.5306
FD004,s14,0.9672,0.0000,0.9975,0.1754,0.1740,0.4263
FD004,s15,0.9918,0.0000,0.9992,0.1796,0.0119,0.1213
FD004,s17,0.9965,0.0000,0.9989,0.1332,0.1349,0.6274
FD004,s20,0.9997,0.0000,0.9999,0.1535,0.0086,0.0627
FD004,s21,0.9997,0.0000,0.9999,0.1491,0.0092,0.0654
